review,sentiment
"¡Absolutamente fantástica! La mejor experiencia que he tenido en mucho tiempo. Totalmente recomendado.",positive
"El servicio fue pésimo y la comida estaba fría. No volveré nunca más.",negative
"Me gustó bastante el ambiente, aunque el precio me pareció un poco elevado. Aún así, lo consideraría de nuevo.",positive
"Una decepción total. Perdí mi tiempo y dinero. Eviten este lugar a toda costa.",negative
"La calidad del producto es excelente y la entrega fue muy rápida. Superó mis expectativas.",positive
"Tuve un problema con mi pedido y la atención al cliente fue ineficiente. Muy insatisfecho.",negative
"Perfecto para una tarde tranquila. El café es delicioso.",positive
"Demasiado ruidoso y aglomerado. No pude disfrutar de la visita.",negative
"Increíble, una experiencia que sin duda repetiré. Cada detalle fue cuidado.",positive
"Mediocre en el mejor de los casos. No hay nada que destaque.",negative
"Cumplió con lo esperado, una buena opción para lo que necesitaba.",positive
"La peor compra que he hecho este año. Se rompió al primer uso.",negative
"Buen lugar para relajarse y disfrutar. El personal es muy amable.",positive
"No lo recomendaría. El producto llegó dañado y la devolución fue complicada.",negative
"Una joya escondida. Me encantó todo, desde el principio hasta el final.",positive
"Un desastre. La espera fue interminable y el resultado decepcionante.",negative
"Muy satisfecho con el resultado. Hacen un trabajo impecable.",positive
"Horrible, no gasten su dinero aquí. Una estafa.",negative
"Definitivamente volveré. Gran calidad y ambiente.",positive
"Podría haber sido mucho mejor. Le falta chispa.",negative
"El diseño es precioso y la funcionalidad impecable. Muy contento con mi adquisición.",positive
"Me esperaba más. El rendimiento no es el que prometen.",negative
"Excelente relación calidad-precio. Un producto muy útil para el día a día.",positive
"El material es de muy baja calidad. Se desgastó rápidamente.",negative
"Una experiencia inolvidable. El personal hizo todo lo posible para que fuera perfecta.",positive
"Servicio al cliente nefasto. Tardaron semanas en responder a mi consulta.",negative
"Funciona a la perfección. Es justo lo que necesitaba para mi proyecto.",positive
"Completamente inservible. Fue una pérdida de tiempo instalarlo.",negative
"Volvería sin dudarlo. La atención al detalle es excepcional.",positive
"Me siento estafado. El producto no corresponde con la descripción.",negative
"Simplemente asombroso. Superó todas mis expectativas.",positive
"No vale la pena el precio. Hay opciones mucho mejores en el mercado.",negative
"Gran descubrimiento. La comida es exquisita y el ambiente acogedor.",positive
"El peor servicio de entrega que he experimentado. Nunca llegó a tiempo.",negative
"Impecable. Desde la reserva hasta la salida, todo fue perfecto.",positive
"Me decepcionó la falta de opciones. Muy limitado.",negative
"Altamente recomendable. Profesionalidad y eficiencia en cada paso.",positive
"Una experiencia horrible. El personal fue grosero y poco servicial.",negative
"Absolutamente encantado. Cada céntimo valió la pena.",positive
"Un fiasco total. No cumplió con ninguna de mis expectativas.",negative
"Rápido, eficiente y muy útil. Lo uso a diario.",positive
"No recomiendo comprar aquí. El producto llegó incompleto.",negative
"Una maravilla. Te transporta a otro lugar con su atmósfera.",positive
"Me enfermé después de comer allí. Definitivamente no es seguro.",negative
"La mejor compra del año. Duradero y de excelente rendimiento.",positive
"Demasiados fallos y errores. Frustrante de usar.",negative
"Un lugar mágico. La atención fue de primera clase.",positive
"No entiendo las buenas críticas. Fue una experiencia muy pobre.",negative
"Me ha cambiado la vida. La solución perfecta a mi problema.",positive
"Producto defectuoso. No funciona correctamente desde el primer día.",negative